,dimx,dimy,apratio,relx,intercept
1,1920,1080,0.725253714,0.5607387923,2.4342053799
