,dimx,dimy,apratio,relx,intercept
1,6912,5184,0.9024575195000001,0.5804387384,1.6528071481
