,dimx,dimy,apratio,relx,intercept
1,2048,1440,0.6911626754,0.5402625389,2.04132396
