,dimx,dimy,apratio,relx,intercept
1,2048,1440,0.7027303366000001,0.9870675480000001,1.9912252792
