,dimx,dimy,apratio,relx,intercept
1,2048,1440,0.9827703887,,1.4444518637
